<?xml version="1.0" encoding="UTF-8"?>
<configuration>
	<appender name="STDOUT" class="ch.qos.logback.core.ConsoleAppender">
		<layout class="ch.qos.logback.classic.PatternLayout">
			<Pattern>%d{HH:mm:ss} %-5level %36logger{36} - %msg%n</Pattern>
		</layout>
	</appender>

	<!-- INFO kann durch DEBUG für detaillierte Debug-Ausgaben ersetzt werden,
		oder durch WARN für minimale Ausgaben -->
	<logger name="sc" level="INFO" />

	<root level="WARN">
		<appender-ref ref="STDOUT" />
	</root>
</configuration>
